{
  "overview": {
    "rows": 19641,
    "cols": 112
  },
  "numerical": {
    "총의사수": {
      "count": 19641.0,
      "mean": 2.347945623949901,
      "std": 23.60344711828936,
      "min": 0.0,
      "25%": 1.0,
      "50%": 1.0,
      "75%": 1.0,
      "max": 1490.0
    },
    "rating": {
      "count": 19641.0,
      "mean": 0.2994348556590805,
      "std": 1.6528865038618241,
      "min": 0.0,
      "25%": 0.0,
      "50%": 0.0,
      "75%": 0.0,
      "max": 10.0
    },
    "review_count": {
      "count": 19641.0,
      "mean": 39.45919250547325,
      "std": 639.6536405865451,
      "min": 0.0,
      "25%": 0.0,
      "50%": 0.0,
      "75%": 0.0,
      "max": 38391.0
    },
    "event_count": {
      "count": 19641.0,
      "mean": 0.29718446107631996,
      "std": 2.5886751471258664,
      "min": 0.0,
      "25%": 0.0,
      "50%": 0.0,
      "75%": 0.0,
      "max": 74.0
    },
    "매칭_신뢰도": {
      "count": 693.0,
      "mean": 100.0,
      "std": 0.0,
      "min": 100.0,
      "25%": 100.0,
      "50%": 100.0,
      "75%": 100.0,
      "max": 100.0
    },
    "진료과목_개수": {
      "count": 19641.0,
      "mean": 5.475739524464132,
      "std": 3.80024847699926,
      "min": 0.0,
      "25%": 2.0,
      "50%": 5.0,
      "75%": 8.0,
      "max": 36.0
    }
  },
  "categorical": {
    "종별코드명": {
      "의원": 10491,
      "치과의원": 4868,
      "한의원": 3684,
      "병원": 234,
      "요양병원": 103,
      "한방병원": 92,
      "치과병원": 58,
      "종합병원": 45,
      "보건소": 25,
      "상급종합": 14
    },
    "시군구코드명": {
      "강남구": 3099,
      "서초구": 1564,
      "송파구": 1304,
      "강서구": 978,
      "강동구": 958,
      "영등포구": 850,
      "마포구": 794,
      "노원구": 769,
      "관악구": 723,
      "은평구": 717
    },
    "설립구분코드명": {
      "개인": 19264,
      "의료법인": 116,
      "공립": 62,
      "회사법인": 43,
      "재단법인": 39,
      "학교법인": 28,
      "사단법인": 23,
      "국립": 22,
      "소비자생활협동조합": 12,
      "사회적협동조합": 10
    },
    "강남언니_등록": {
      "false": 18948,
      "true": 693
    },
    "매칭_유형": {
      "exact": 693
    }
  },
  "missing": {
    "전문병원지정분야": 19612,
    "응급실_야간_전화번호2": 19611,
    "응급실_주간_전화번호2": 19610,
    "응급실_야간_전화번호1": 19563,
    "응급실_주간_전화번호1": 19550,
    "간호등급_간호인력": 19539,
    "간호등급_의사인력": 19539,
    "간호등급_건강보험(환자수)": 19264,
    "간호등급_의료급여(환자수)": 19264,
    "간호등급_건강보험": 19226,
    "간호등급_의료급여": 19226,
    "sido": 18949,
    "sigungu": 18949,
    "address": 18949,
    "매칭_신뢰도": 18948,
    "crawled": 18948,
    "id": 18948,
    "district_code": 18948,
    "hospital_name": 18948,
    "매칭_유형": 18948
  }
}